<?xml version="1.0" encoding="utf-8"?>
<theme version="php">
<id>xxmyvip</id>
<name>小小蚂蚁主题(宽屏)</name>
<url>http://xiaoxiaomayi.com/read/784.html</url>
<note>【无数种颜色】简约大气、SEO优化最好的主题！</note>
<description></description>
<path></path>
<include></include>
<level>1</level>
<author>
  <name>小小蚂蚁博客</name>
  <email>604980661@qq.com</email>
  <url>http://xiaoxiaomayi.com/</url>
</author>
<source>
  <name>小小蚂蚁博客</name>
  <email>604980661@qq.com</email>
  <url>http://xiaoxiaomayi.com/</url>
</source>
<adapted>140614</adapted>
<version>5.2</version>
<pubdate>2016-05-31</pubdate>
<modified>2017-05-02</modified>
<price>398</price>
<phpver>5.2</phpver>
<advanced>
  <dependency></dependency>
  <rewritefunctions></rewritefunctions>
  <existsfunctions></existsfunctions>
  <conflict></conflict>
</advanced>
<sidebars>
  <sidebar1>search zhannei|controlpanel|calendar|catalog|tags|comments|link|statistics</sidebar1>
  <sidebar2>search zhannei|catalog|previous|tags|comments|link</sidebar2>
  <sidebar3></sidebar3>
  <sidebar4></sidebar4>
  <sidebar5></sidebar5>
</sidebars>
</theme>