<?xml version="1.0" encoding="utf-8"?>
<theme version="php">
<id>metro</id>
<name>Metro主题</name>
<url>http://www.htmlit.com.cn/</url>
<note>Z-BlogPHP版的Metro主题</note>
<description>Z-BlogPHP版的 Metro主题加强版，主题插件由月上之木开发，支持主题背景及颜色个性化配置。</description>
<path>editor.php</path>
<include>include.php</include>
<level>1</level>
<author>
  <name>新鲜人</name>
  <email>htmlit@live.com</email>
  <url>http://www.htmlit.com.cn/</url>
</author>
<source>
  <name>新鲜人</name>
  <email>htmlit@live.com</email>
  <url>http://www.htmlit.com.cn/</url>
</source>
<adapted>151603</adapted>
<version>1.6</version>
<pubdate>2012-08-19</pubdate>
<modified>2016-11-3</modified>
<price>0</price>
<advanced>
  <dependency></dependency>
  <rewritefunctions></rewritefunctions>
  <conflict></conflict>
</advanced>
<sidebars>
  <sidebar1></sidebar1>
  <sidebar2></sidebar2>
  <sidebar3></sidebar3>
  <sidebar4></sidebar4>
  <sidebar5></sidebar5>
</sidebars>
</theme>