<?xml version="1.0" encoding="utf-8"?>
<theme version="php">
<id>HTML5CSS3</id>
<name>HTML5+CSS3主题</name>
<url>http://www.rainbowsoft.org/</url>
<note>Z-BlogPHP的HTML5+CSS3主题</note>
<description>Z-BlogPHP的HTML5+CSS3主题。&lt;br/&gt;设计+编码=吉光片羽。&lt;br/&gt;本主题仅完美呈现于支持HTML5+CSS3的浏览器上，IE8及以下版本薄纱裸奔，不喜慎用！&lt;br/&gt;不过本主题亮点是完美支持各移动设备浏览，还在为低级的IE（用户）纠结么？</description>
<path></path>
<include></include>
<level>1</level>
<author>
  <name>吉光片羽</name>
  <email>kandyt@qq.com</email>
  <url>http://jgpy.cn</url>
</author>
<source>
  <name>吉光片羽</name>
  <email>kandyt@qq.com</email>
  <url>http://jgpy.cn</url>
</source>
<adapted>151603</adapted>
<version>1.3</version>
<pubdate>2012-10-31</pubdate>
<modified>2016-10-30</modified>
<price>0</price>
<advanced>
  <dependency></dependency>
  <rewritefunctions></rewritefunctions>
  <conflict></conflict>
</advanced>
<sidebars>
  <sidebar1>calendar|searchpanel|controlpanel|catalog|comments|tags|authors|statistics</sidebar1>
  <sidebar2></sidebar2>
  <sidebar3></sidebar3>
  <sidebar4></sidebar4>
  <sidebar5></sidebar5>
</sidebars>
</theme>